id;nombre;apellido;dni;sexo;edad;email;telefono;direccion;observacion
1;Card;transform;generating enterprise Surinam;Entrada virtual;2022-01-30T18:42:42;Francisco_Brito85@gmail.com;24445;Savings maximizada Fantástico;Subida Cuentas initiatives
2;cross-platform matrix digital;Queso;driver;Ringgit payment Rojo;2022-01-30T14:52:59;Ana.Cotto22@gmail.com;84327;Metal tangible;Rústico Cambridgeshire red
3;invoice;Negro East;Loan facilitate Pelota;calculating online;2022-01-31T04:25:47;MaradelCarmen_Acosta72@gmail.com;49221;multitarea calculate haptic;Inversor
4;Metal synergize focus;Investment Atún Técnico;Director;Cine Chalet payment;2022-01-30T18:26:10;Vicente91@gmail.com;75002;Cliente Ingeniero;Refinado Avon Account
5;Gris withdrawal;Moda bypassing;evolve;HTTP Administrador;2022-01-30T21:35:01;Josefina58@gmail.com;42432;calculating card invoice;eyeballs Interacciones
6;capacitor Agente Trinidad;Account Cambridgeshire 24/7;interface Pequeño next-generation;bus;2022-01-31T09:35:49;Conchita92@hotmail.com;83563;soporte Dinar;Zapatos
7;Corporativo;Mejorado Inteligente Berkshire;Bebes;digital;2022-01-31T11:00:43;AnaMara.Roque@hotmail.com;45239;vertical invoice;Sabroso
8;Metal Desarrollador Respuesta;seize;up;estructura front-end IB;2022-01-30T12:38:57;Roberto12@yahoo.com;9008;Clonado Sudán definición;Card TCP Relacciones
9;quantifying;capacidad compressing withdrawal;Loan invoice Madera;withdrawal;2022-01-31T08:06:31;JosMara_Preciado9@yahoo.com;15581;generate Pescado Mercado;bluetooth Marroquinería Uruguayo
10;application Blanco deposit;Sorprendente Librería Entrada;Facilitador Principe;Inteligente tiempo;2022-01-30T12:19:17;Barbara46@yahoo.com;81405;Programa;revolutionary abierto HTTP
